Model,Accuracy,Precision,Recall,F1_Score
Multinomial Naive Bayes,0.725,0.7128571428571429,0.725,0.7143800322061191
KNN,0.675,0.711111111111111,0.675,0.6783118279569893
Decision Tree,0.95,0.9517857142857142,0.95,0.95
